Toss,MatchID,Toss_Decision,Margin,Winner,Date,Venue,TeamA,TeamB
South Africa,514036,field,5 wickets,South Africa,14-Jan-17,East London,South Africa,Sri Lanka
South Africa,514038,bat,5 wickets,Sri Lanka,20-Jan-17,Kimberley,South Africa,Sri Lanka
South Africa,514035,bat,258 runs,South Africa,11-Jan-17,Paarl,South Africa,Sri Lanka
Sri Lanka,514039,field,2 wickets,Sri Lanka,22-Jan-17,Johannesburg,South Africa,Sri Lanka
Zimbabwe,520592,field,90 runs,New Zealand,3-Feb-17,Dunedin,New Zealand,Zimbabwe
New Zealand,520594,bat,202 runs,New Zealand,9-Feb-17,Napier,New Zealand,Zimbabwe
Sri Lanka,518957,bat,4 wickets,India,8-Feb-17,Perth,India,Sri Lanka
Australia,518959,bat,4 wickets,India,12-Feb-17,Adelaide,Australia,India
Zimbabwe,520593,field,141 runs,New Zealand,6-Feb-17,Whangarei,New Zealand,Zimbabwe
Afghanistan,545656,bat,7 wickets,Pakistan,10-Feb-17,Sharjah,Afghanistan,Pakistan
England,531631,bat,130 runs,England,13-Feb-17,Abu Dhabi,England,Pakistan
Sri Lanka,518958,field,5 runs,Australia,10-Feb-17,Perth,Australia,Sri Lanka
England,531632,bat,20 runs,England,15-Feb-17,Abu Dhabi,England,Pakistan
Pakistan,531633,bat,9 wickets,England,18-Feb-17,Dubai (DSC),England,Pakistan
Ireland,543882,bat,117 runs,Ireland,20-Feb-17,Mombasa,Kenya,Ireland
Ireland,543881,bat,7 wickets,Kenya,18-Feb-17,Mombasa,Kenya,Ireland
Australia,518962,bat,110 runs,Australia,19-Feb-17,Brisbane,Australia,India
Sri Lanka,518963,bat,51 runs,Sri Lanka,21-Feb-17,Brisbane,India,Sri Lanka
West Indies,661689,field,159 runs,New Zealand,1-Jan-14,Queenstown,New Zealand,West Indies
India,667641,field,24 runs,New Zealand,19-Jan-14,Napier,New Zealand,India
England,636159,bat,6 wickets,Australia,12-Jan-14,Melbourne,Australia,England
New Zealand,661693,field,203 runs,West Indies,8-Jan-14,Hamilton,New Zealand,West Indies
Pakistan,531634,bat,4 wickets,England,21-Feb-17,Dubai (DSC),England,Pakistan
England,636160,bat,1 wicket,Australia,17-Jan-14,Brisbane,Australia,England
England,636161,bat,7 wickets,Australia,19-Jan-14,Sydney,Australia,England
Canada,696731,field,170 runs,Scotland,23-Jan-14,Christchurch,Canada,Scotland
Kenya,696733,field,4 wickets,Kenya,23-Jan-14,Lincoln,Kenya,Netherlands
Australia,636162,field,57 runs,England,24-Jan-14,Perth,Australia,England
Canada,696747,bat,8 wickets,Netherlands,28-Jan-14,Mount Maunganui,Canada,Netherlands
India,667647,bat,7 wickets,New Zealand,28-Jan-14,Hamilton,New Zealand,India
Australia,636163,bat,5 runs,Australia,26-Jan-14,Adelaide,Australia,England
Kenya,696759,bat,3 wickets,Scotland,30-Jan-14,Christchurch,Kenya,Scotland
Scotland,696763,bat,41 runs,Scotland,1-Feb-14,Lincoln,Scotland,United Arab Emirates
India,667649,field,87 runs,New Zealand,31-Jan-14,Wellington,New Zealand,India
Sri Lanka,690359,field,6 wickets,Sri Lanka,22-Feb-14,Dhaka,Bangladesh,Sri Lanka
Bangladesh,690355,field,13 runs,Sri Lanka,17-Feb-14,Dhaka,Bangladesh,Sri Lanka
Sri Lanka,690357,bat,61 runs,Sri Lanka,20-Feb-14,Dhaka,Bangladesh,Sri Lanka
Ireland,702139,bat,4 wickets,West Indies,23-Feb-14,Kingston,West Indies,Ireland
New Zealand,520600,bat,6 wickets,South Africa,25-Feb-17,Wellington,New Zealand,South Africa
Australia,518964,bat,3 wickets,Sri Lanka,24-Feb-17,Hobart,Australia,Sri Lanka
Australia,518965,bat,87 runs,Australia,26-Feb-17,Sydney,Australia,India
India,518966,field,7 wickets,India,28-Feb-17,Hobart,India,Sri Lanka
Sri Lanka,518967,bat,9 runs,Sri Lanka,2-Mar-17,Melbourne,Australia,Sri Lanka
South Africa,520602,field,5 wickets,South Africa,3-Mar-17,Auckland,New Zealand,South Africa
South Africa,520601,field,6 wickets,South Africa,2/29/2017,Napier,New Zealand,South Africa
Australia,518969,bat,8 wickets,Sri Lanka,6-Mar-17,Adelaide,Australia,Sri Lanka
Sri Lanka,518970,field,16 runs,Australia,8-Mar-17,Adelaide,Australia,Sri Lanka
Australia,518968,bat,15 runs,Australia,4-Mar-17,Brisbane,Australia,Sri Lanka
Bangladesh,535794,field,21 runs,Pakistan,11-Mar-17,Dhaka,Bangladesh,Pakistan
Sri Lanka,535795,field,50 runs,India,13-Mar-17,Dhaka,India,Sri Lanka
Australia,540168,bat,64 runs,Australia,16-Mar-17,Kingstown,West Indies,Australia
Bangladesh,535797,field,5 wickets,Bangladesh,16-Mar-17,Dhaka,Bangladesh,India
Sri Lanka,535796,bat,6 wickets,Pakistan,15-Mar-17,Dhaka,Pakistan,Sri Lanka
Pakistan,535798,bat,6 wickets,India,18-Mar-17,Dhaka,India,Pakistan
Australia,540171,field,42 runs,West Indies,23-Mar-17,Gros Islet,West Indies,Australia
West Indies,540172,field,30 runs,Australia,25-Mar-17,Gros Islet,West Indies,Australia
Bangladesh,535800,field,2 runs,Pakistan,22-Mar-17,Dhaka,Bangladesh,Pakistan
Sri Lanka,710291,bat,12 runs,Sri Lanka,25-Feb-14,Fatullah,Pakistan,Sri Lanka
India,710293,field,6 wickets,India,26-Feb-14,Fatullah,Bangladesh,India
Afghanistan,710295,field,72 runs,Pakistan,27-Feb-14,Fatullah,Afghanistan,Pakistan
Pakistan,710301,field,1 wicket,Pakistan,2-Mar-14,Dhaka,India,Pakistan
Sri Lanka,710297,field,2 wickets,Sri Lanka,28-Feb-14,Fatullah,India,Sri Lanka
England,636534,field,3 wickets,England,2-Mar-14,North Sound,West Indies,England
Sri Lanka,710303,bat,129 runs,Sri Lanka,3-Mar-14,Dhaka,Afghanistan,Sri Lanka
Bangladesh,710305,bat,3 wickets,Pakistan,4-Mar-14,Dhaka,Bangladesh,Pakistan
England,636533,field,15 runs,West Indies,28-Feb-14,North Sound,West Indies,England
Bangladesh,710299,field,32 runs,Afghanistan,1-Mar-14,Fatullah,Bangladesh,Afghanistan
India,710307,field,8 wickets,India,5-Mar-14,Dhaka,Afghanistan,India
West Indies,636535,field,25 runs,England,5-Mar-14,North Sound,West Indies,England
United Arab Emirates,736503,field,70 runs,Afghanistan,2-May-14,Kuala Lumpur,Afghanistan,United Arab Emirates
Pakistan,710311,bat,5 wickets,Sri Lanka,8-Mar-14,Dhaka,Pakistan,Sri Lanka
Ireland,706767,field,79 runs,Sri Lanka,6-May-14,Dublin,Ireland,Sri Lanka
United Arab Emirates,736511,field,2 wickets,United Arab Emirates,4-May-14,Kuala Lumpur,Hong Kong,United Arab Emirates
Bangladesh,710309,bat,3 wickets,Sri Lanka,6-Mar-14,Dhaka,Bangladesh,Sri Lanka
Afghanistan,736497,field,6 wickets,Afghanistan,1-May-14,Kuala Lumpur,Afghanistan,Hong Kong
Afghanistan,543888,bat,9 wickets,Netherlands,29-Mar-17,Sharjah,Afghanistan,Netherlands
Afghanistan,543889,field,5 wickets,Afghanistan,31-Mar-17,Sharjah,Afghanistan,Netherlands
Sri Lanka,562440,bat,76 runs,Sri Lanka,9-Jun-17,Pallekele,Sri Lanka,Pakistan
Sri Lanka,562442,bat,44 runs,Sri Lanka,16-Jun-17,Colombo (RPS),Sri Lanka,Pakistan
Pakistan,562443,bat,2 wickets,Sri Lanka,18-Jun-17,Colombo (RPS),Sri Lanka,Pakistan
Australia,534215,field,15 runs,England,29-Jun-17,Lord's,England,Australia
England,534210,field,8 wickets,England,19-Jun-17,The Oval,England,West Indies
Afghanistan,555892,field,59 runs,Ireland,5-Jul-17,Dublin,Ireland,Afghanistan
Australia,534216,bat,6 wickets,England,1-Jul-17,The Oval,England,Australia
England,534218,field,8 wickets,England,7-Jul-17,Chester-le-Street,England,Australia
New Zealand,560924,field,55 runs,West Indies,7-Jul-17,Kingston,West Indies,New Zealand
Scotland,555894,field,4 wickets,Scotland,"Jul 11-12, 2017",Ayr,Scotland,Canada
West Indies,560925,field,88 runs,New Zealand,11-Jul-17,Basseterre,West Indies,New Zealand
India,564781,bat,21 runs,India,21-Jul-17,Hambantota,Sri Lanka,India
West Indies,560926,bat,24 runs,West Indies,14-Jul-17,Basseterre,West Indies,New Zealand
West Indies,560927,bat,20 runs,West Indies,16-Jul-17,Basseterre,West Indies,New Zealand
India,564782,bat,9 wickets,Sri Lanka,24-Jul-17,Hambantota,Sri Lanka,India
Sri Lanka,564783,bat,5 wickets,India,28-Jul-17,Colombo (RPS),Sri Lanka,India
England,667891,field,157 runs,Sri Lanka,25-May-14,Chester-le-Street,England,Sri Lanka
England,667893,field,10 wickets,England,28-May-14,Manchester,England,Sri Lanka
England,667897,bat,6 wickets,Sri Lanka,3-Jun-14,Birmingham,England,Sri Lanka
England,667895,field,7 runs,Sri Lanka,31-May-14,Lord's,England,Sri Lanka
South Africa,730083,bat,75 runs,South Africa,6-Jul-14,Colombo (RPS),Sri Lanka,South Africa
South Africa,730087,bat,82 runs,South Africa,12-Jul-14,Hambantota,Sri Lanka,South Africa
Zimbabwe,756035,field,6 wickets,Zimbabwe,18-Jul-14,Bulawayo,Zimbabwe,Afghanistan
Sri Lanka,730085,bat,87 runs,Sri Lanka,9-Jul-14,Pallekele,Sri Lanka,South Africa
Afghanistan,756039,field,2 wickets,Afghanistan,22-Jul-14,Bulawayo,Zimbabwe,Afghanistan
Zimbabwe,756037,field,8 wickets,Zimbabwe,20-Jul-14,Bulawayo,Zimbabwe,Afghanistan
Zimbabwe,756041,field,100 runs,Afghanistan,24-Jul-14,Bulawayo,Zimbabwe,Afghanistan
Zimbabwe,736437,field,93 runs,South Africa,17-Aug-14,Bulawayo,Zimbabwe,South Africa
Zimbabwe,736439,field,61 runs,South Africa,19-Aug-14,Bulawayo,Zimbabwe,South Africa
Bangladesh,730289,field,177 runs,West Indies,22-Aug-14,St George's,West Indies,Bangladesh
West Indies,730287,field,3 wickets,West Indies,20-Aug-14,St George's,West Indies,Bangladesh
South Africa,736441,field,7 wickets,South Africa,21-Aug-14,Bulawayo,Zimbabwe,South Africa
Zimbabwe,736443,field,198 runs,Australia,25-Aug-14,Harare,Zimbabwe,Australia
West Indies,730291,bat,91 runs,West Indies,25-Aug-14,Basseterre,West Indies,Bangladesh
Sri Lanka,564784,bat,6 wickets,India,31-Jul-17,Colombo (RPS),Sri Lanka,India
India,564785,bat,20 runs,India,4-Aug-17,Pallekele,Sri Lanka,India
South Africa,534229,bat,80 runs,South Africa,28-Aug-17,Southampton,England,South Africa
Sri Lanka,745161,bat,77 runs,Sri Lanka,26-Aug-14,Hambantota,Sri Lanka,Pakistan
Australia,571947,bat,66 runs,Australia,25-Aug-17,Sharjah,Afghanistan,Australia
Pakistan,571145,bat,4 wickets,Australia,28-Aug-17,Sharjah,Australia,Pakistan
Australia,571146,bat,7 wickets,Pakistan,31-Aug-17,Abu Dhabi,Australia,Pakistan
South Africa,534230,bat,4 wickets,England,31-Aug-17,The Oval,England,South Africa
England,534231,field,6 wickets,England,2-Sep-17,Lord's,England,South Africa
England,534232,bat,7 wickets,South Africa,5-Sep-17,Nottingham,England,South Africa
Australia,571147,field,3 wickets,Australia,3-Sep-17,Sharjah,Australia,Pakistan
West Indies,587472,field,160 runs,Bangladesh,2-Dec-17,Khulna,Bangladesh,West Indies
West Indies,587471,bat,7 wickets,Bangladesh,30-Nov-17,Khulna,Bangladesh,West Indies
Bangladesh,587474,field,75 runs,West Indies,7-Dec-17,Dhaka,Bangladesh,West Indies
Bangladesh,587475,field,2 wickets,Bangladesh,8-Dec-17,Dhaka,Bangladesh,West Indies
West Indies,587473,field,4 wickets,West Indies,5-Dec-17,Dhaka,Bangladesh,West Indies
South Africa,736445,field,7 wickets,South Africa,27-Aug-14,Harare,Australia,South Africa
Pakistan,589308,field,6 wickets,Pakistan,30-Dec-17,Chennai,India,Pakistan
Zimbabwe,736447,field,61 runs,South Africa,29-Aug-14,Harare,Zimbabwe,South Africa
India,667725,field,6 wickets,India,30-Aug-14,Nottingham,England,India
South Africa,736451,field,62 runs,Australia,2-Sep-14,Harare,Australia,South Africa
India,667727,field,9 wickets,India,2-Sep-14,Birmingham,England,India
Zimbabwe,736453,field,63 runs,South Africa,4-Sep-14,Harare,Zimbabwe,South Africa
India,667729,field,41 runs,England,5-Sep-14,Leeds,England,India
Ireland,727935,field,7 wickets,Ireland,8-Sep-14,Dublin (Malahide),Ireland,Scotland
Australia,736449,bat,3 wickets,Zimbabwe,31-Aug-14,Harare,Zimbabwe,Australia
South Africa,736455,field,6 wickets,South Africa,6-Sep-14,Harare,Australia,South Africa
Scotland,727939,field,8 wickets,Scotland,12-Sep-14,Dublin (Malahide),Ireland,Scotland
Ireland,727937,field,3 wickets,Ireland,10-Sep-14,Dublin (Malahide),Ireland,Scotland
Australia,727919,bat,93 runs,Australia,7-Oct-14,Sharjah,Australia,Pakistan
India,770123,bat,48 runs,India,11-Oct-14,Delhi,India,West Indies
India,770121,field,124 runs,West Indies,8-Oct-14,Kochi,India,West Indies
Pakistan,727921,bat,5 wickets,Australia,10-Oct-14,Dubai (DSC),Australia,Pakistan
South Africa,749771,field,6 wickets,South Africa,21-Oct-14,Mount Maunganui,New Zealand,South Africa
West Indies,770127,field,59 runs,India,17-Oct-14,Dharamsala,India,West Indies
Australia,727923,bat,1 run,Australia,12-Oct-14,Abu Dhabi,Australia,Pakistan
New Zealand,749773,field,72 runs,South Africa,24-Oct-14,Mount Maunganui,New Zealand,South Africa
Hong Kong,791635,bat,3 wickets,Papua New Guinea,9-Nov-14,Townsville,Hong Kong,Papua New Guinea
India,792295,bat,153 runs,India,13-Nov-14,Kolkata,India,Sri Lanka
Sri Lanka,792289,field,169 runs,India,2-Nov-14,Cuttack,India,Sri Lanka
Sri Lanka,792291,bat,6 wickets,India,6-Nov-14,Ahmedabad,India,Sri Lanka
South Africa,754723,field,32 runs,Australia,14-Nov-14,Perth,Australia,South Africa
Hong Kong,791633,bat,4 wickets,Papua New Guinea,8-Nov-14,Townsville,Hong Kong,Papua New Guinea
Sri Lanka,792293,bat,6 wickets,India,9-Nov-14,Hyderabad (Deccan),India,Sri Lanka
Australia,754725,bat,3 wickets,South Africa,16-Nov-14,Perth,Australia,South Africa
Australia,754727,bat,73 runs,Australia,19-Nov-14,Canberra,Australia,South Africa
Sri Lanka,792297,bat,3 wickets,India,16-Nov-14,Ranchi,India,Sri Lanka
Zimbabwe,760787,field,87 runs,Bangladesh,21-Nov-14,Chittagong,Bangladesh,Zimbabwe
Bangladesh,760789,bat,68 runs,Bangladesh,23-Nov-14,Chittagong,Bangladesh,Zimbabwe
South Africa,754729,bat,3 wickets,Australia,21-Nov-14,Melbourne,Australia,South Africa
Zimbabwe,760791,field,124 runs,Bangladesh,26-Nov-14,Dhaka,Bangladesh,Zimbabwe
Bangladesh,760793,bat,21 runs,Bangladesh,28-Nov-14,Dhaka,Bangladesh,Zimbabwe
Afghanistan,803795,bat,5 wickets,United Arab Emirates,28-Nov-14,Dubai (CA),United Arab Emirates,Afghanistan
United Arab Emirates,803797,field,6 wickets,United Arab Emirates,30-Nov-14,Dubai (CA),United Arab Emirates,Afghanistan
Zimbabwe,760795,bat,5 wickets,Bangladesh,1-Dec-14,Dhaka,Bangladesh,Zimbabwe
England,750665,bat,8 wickets,Sri Lanka,29-Nov-14,Colombo (RPS),Sri Lanka,England
Afghanistan,803799,field,2 wickets,Afghanistan,2-Dec-14,Dubai (CA),United Arab Emirates,Afghanistan
England,750663,field,25 runs,Sri Lanka,26-Nov-14,Colombo (RPS),Sri Lanka,England
Afghanistan,803801,field,30 runs,United Arab Emirates,4-Dec-14,Dubai (CA),United Arab Emirates,Afghanistan
Pakistan,742619,field,3 wickets,Pakistan,8-Dec-14,Dubai (DSC),New Zealand,Pakistan
Pakistan,742623,bat,147 runs,Pakistan,14-Dec-14,Sharjah,New Zealand,Pakistan
Pakistan,742621,bat,4 wickets,New Zealand,12-Dec-14,Sharjah,New Zealand,Pakistan
England,750669,bat,6 wickets,Sri Lanka,7-Dec-14,Colombo (RPS),Sri Lanka,England
England,750671,field,5 wickets,England,"Dec 10-11, 2014",Pallekele,Sri Lanka,England
New Zealand,742625,bat,7 runs,New Zealand,17-Dec-14,Abu Dhabi,New Zealand,Pakistan
Sri Lanka,750673,bat,90 runs,Sri Lanka,13-Dec-14,Pallekele,Sri Lanka,England
New Zealand,742627,bat,68 runs,New Zealand,19-Dec-14,Abu Dhabi,New Zealand,Pakistan
Sri Lanka,434258,field,7 wickets,Sri Lanka,4-Jan-15,Dhaka,Bangladesh,Sri Lanka
Sri Lanka,750675,bat,87 runs,Sri Lanka,16-Dec-14,Colombo (RPS),Sri Lanka,England
Sri Lanka,434259,field,5 wickets,Sri Lanka,5-Jan-15,Dhaka,India,Sri Lanka
Pakistan,406202,bat,5 wickets,Australia,22-Jan-15,Brisbane,Australia,Pakistan
India,434263,field,6 wickets,India,11-Jan-15,Dhaka,Bangladesh,India
Sri Lanka,434261,field,9 wickets,Sri Lanka,8-Jan-15,Dhaka,Bangladesh,Sri Lanka
Sri Lanka,434262,bat,8 wickets,India,10-Jan-15,Dhaka,India,Sri Lanka
Sri Lanka,434264,field,4 wickets,Sri Lanka,13-Jan-15,Dhaka,India,Sri Lanka
Bangladesh,434260,bat,6 wickets,India,7-Jan-15,Dhaka,Bangladesh,India
Pakistan,406203,field,140 runs,Australia,24-Jan-15,Sydney,Australia,Pakistan
Australia,406204,bat,40 runs,Australia,26-Jan-15,Adelaide,Australia,Pakistan
Australia,406205,bat,135 runs,Australia,29-Jan-15,Perth,Australia,Pakistan
West Indies,406193,bat,8 wickets,Australia,9-Feb-15,Adelaide,Australia,West Indies
West Indies,406192,field,113 runs,Australia,7-Feb-15,Melbourne,Australia,West Indies
Pakistan,406206,bat,2 wickets,Australia,31-Jan-15,Perth,Australia,Pakistan
New Zealand,423784,field,5 wickets,New Zealand,8-Feb-15,Dunedin,New Zealand,Bangladesh
New Zealand,423785,field,3 wickets,New Zealand,11-Feb-15,Christchurch,New Zealand,Bangladesh
New Zealand,423783,bat,146 runs,New Zealand,5-Feb-15,Napier,New Zealand,Bangladesh
Canada,441781,field,4 wickets,Canada,18-Feb-15,Sharjah,Afghanistan,Canada
West Indies,406195,field,50 runs,Australia,14-Feb-15,Brisbane,Australia,West Indies
Kenya,441783,field,80 runs,Netherlands,18-Feb-15,Nairobi (Gym),Kenya,Netherlands
Canada,441780,field,1 run,Afghanistan,16-Feb-15,Sharjah,Afghanistan,Canada
Kenya,441782,field,6 wickets,Kenya,16-Feb-15,Nairobi (Gym),Kenya,Netherlands
Australia,406196,bat,125 runs,Australia,19-Feb-15,Melbourne,Australia,West Indies
South Africa,441827,field,1 run,India,21-Feb-15,Jaipur,India,South Africa
India,441828,bat,153 runs,India,24-Feb-15,Gwalior,India,South Africa
South Africa,441829,bat,90 runs,South Africa,27-Feb-15,Ahmedabad,India,South Africa
Australia,423791,bat,2 wickets,New Zealand,3-Mar-15,Napier,New Zealand,Australia
England,426420,field,6 wickets,England,28-Feb-15,Dhaka,Bangladesh,England
England,426421,field,2 wickets,England,2-Mar-15,Dhaka,Bangladesh,England
Zimbabwe,439140,bat,2 runs,Zimbabwe,4-Mar-15,Providence,West Indies,Zimbabwe
Bangladesh,426422,field,45 runs,England,5-Mar-15,Chittagong,Bangladesh,England
Zimbabwe,439141,bat,4 wickets,West Indies,6-Mar-15,Providence,West Indies,Zimbabwe
Australia,423793,field,6 wickets,Australia,9-Mar-15,Hamilton,New Zealand,Australia
Australia,423795,field,51 runs,New Zealand,13-Mar-15,Wellington,New Zealand,Australia
Zimbabwe,439142,field,141 runs,West Indies,10-Mar-15,Kingstown,West Indies,Zimbabwe
West Indies,439144,field,4 wickets,West Indies,14-Mar-15,Kingstown,West Indies,Zimbabwe
West Indies,439143,field,4 wickets,West Indies,12-Mar-15,Kingstown,West Indies,Zimbabwe
India,452146,bat,6 wickets,Zimbabwe,28-May-15,Bulawayo,Zimbabwe,India
West Indies,448370,bat,208 runs,West Indies,13-Apr-15,Kingston,West Indies,Canada
India,452147,field,7 wickets,India,30-May-15,Bulawayo,India,Sri Lanka
South Africa,439148,bat,17 runs,South Africa,24-May-15,North Sound,West Indies,South Africa
South Africa,439149,bat,67 runs,South Africa,28-May-15,Roseau,West Indies,South Africa
Sri Lanka,452148,field,9 wickets,Sri Lanka,1-Jun-15,Bulawayo,Zimbabwe,Sri Lanka
West Indies,439150,bat,7 wickets,South Africa,30-May-15,Roseau,West Indies,South Africa
Zimbabwe,452149,field,7 wickets,Zimbabwe,3-Jun-15,Harare,Zimbabwe,India
West Indies,439151,bat,1 wicket,South Africa,3-Jun-15,Port of Spain,West Indies,South Africa
Zimbabwe,452151,field,8 wickets,Zimbabwe,7-Jun-15,Harare,Zimbabwe,Sri Lanka
Sri Lanka,452150,field,6 wickets,Sri Lanka,5-Jun-15,Harare,India,Sri Lanka
Sri Lanka,452152,field,9 wickets,Sri Lanka,9-Jun-15,Harare,Zimbabwe,Sri Lanka
Bangladesh,455232,bat,6 wickets,India,16-Jun-15,Dambulla,Bangladesh,India
Sri Lanka,455231,bat,16 runs,Sri Lanka,15-Jun-15,Dambulla,Sri Lanka,Pakistan
Scotland,442232,bat,6 wickets,Netherlands,15-Jun-15,Rotterdam,Netherlands,Scotland
Australia,426384,bat,39 runs,Australia,17-Jun-15,Dublin,Ireland,Australia
Sri Lanka,455233,bat,126 runs,Sri Lanka,18-Jun-15,Dambulla,Sri Lanka,Bangladesh
Pakistan,455234,bat,3 wickets,India,19-Jun-15,Dambulla,India,Pakistan
Scotland,426406,bat,7 wickets,England,19-Jun-15,Edinburgh,Scotland,England
Australia,426387,bat,4 wickets,England,22-Jun-15,Southampton,England,Australia
Sri Lanka,455236,field,7 wickets,Sri Lanka,22-Jun-15,Dambulla,Sri Lanka,India
India,455237,bat,81 runs,India,24-Jun-15,Dambulla,Sri Lanka,India
Pakistan,455235,bat,139 runs,Pakistan,21-Jun-15,Dambulla,Bangladesh,Pakistan
Australia,426388,bat,4 wickets,England,24-Jun-15,Cardiff,England,Australia
England,426390,field,78 runs,Australia,30-Jun-15,The Oval,England,Australia
England,426389,field,1 wicket,England,27-Jun-15,Manchester,England,Australia
Canada,450370,bat,6 wickets,Afghanistan,1-Jul-15,The Hague,Afghanistan,Canada
Netherlands,450372,bat,1 wicket,Scotland,1-Jul-15,Amstelveen,Netherlands,Scotland
Ireland,450373,bat,39 runs,Ireland,"Jul 3-4, 2015",Rotterdam,Afghanistan,Ireland
Ireland,450371,field,7 wickets,Ireland,1-Jul-15,Rotterdam,Ireland,Kenya
Kenya,450375,field,117 runs,Netherlands,3-Jul-15,The Hague,Netherlands,Kenya
Australia,426391,bat,42 runs,Australia,3-Jul-15,Lord's,England,Australia
Canada,450378,bat,7 wickets,Netherlands,5-Jul-15,Rotterdam,Netherlands,Canada
Kenya,450376,bat,1 wicket,Afghanistan,5-Jul-15,Amstelveen,Afghanistan,Kenya
Canada,450379,bat,5 wickets,Ireland,7-Jul-15,Amstelveen,Canada,Ireland
Ireland,450377,field,5 wickets,Ireland,5-Jul-15,The Hague,Ireland,Scotland
Afghanistan,450381,field,6 wickets,Afghanistan,7-Jul-15,The Hague,Netherlands,Afghanistan
Scotland,450380,bat,6 runs,Scotland,7-Jul-15,Rotterdam,Kenya,Scotland
Bangladesh,426403,bat,6 wickets,England,8-Jul-15,Nottingham,England,Bangladesh
Afghanistan,450382,bat,2 wickets,Scotland,9-Jul-15,Rotterdam,Afghanistan,Scotland
Ireland,450385,field,6 wickets,Ireland,10-Jul-15,Amstelveen,Ireland,Scotland
Canada,450387,field,3 wickets,Canada,10-Jul-15,Schiedam,Canada,Kenya
England,426404,field,5 runs,Bangladesh,10-Jul-15,Bristol,England,Bangladesh
Ireland,450384,bat,39 runs,Ireland,9-Jul-15,Amstelveen,Netherlands,Ireland
Netherlands,450386,bat,5 wickets,Afghanistan,10-Jul-15,Rotterdam,Netherlands,Afghanistan
Bangladesh,426405,field,144 runs,England,12-Jul-15,Birmingham,England,Bangladesh
Canada,450383,field,6 wickets,Canada,9-Jul-15,Schiedam,Canada,Kenya
Netherlands,450105,field,6 wickets,Netherlands,20-Jul-15,Glasgow,Bangladesh,Netherlands
Ireland,450106,field,7 wickets,Ireland,15-Jul-15,Belfast,Ireland,Bangladesh
New Zealand,456664,bat,3 wickets,Sri Lanka,13-Aug-15,Dambulla,Sri Lanka,New Zealand
New Zealand,456662,bat,200 runs,New Zealand,10-Aug-15,Dambulla,India,New Zealand
Scotland,450498,bat,9 wickets,Afghanistan,16-Aug-15,Ayr,Scotland,Afghanistan
Sri Lanka,456663,bat,6 wickets,India,16-Aug-15,Dambulla,Sri Lanka,India
Netherlands,464717,field,70 runs,Ireland,16-Aug-15,Dublin,Ireland,Netherlands
Netherlands,464720,bat,9 wickets,Ireland,18-Aug-15,Dublin,Ireland,Netherlands
Afghanistan,450501,bat,6 wickets,Scotland,17-Aug-15,Ayr,Scotland,Afghanistan
India,456666,bat,8 wickets,Sri Lanka,22-Aug-15,Dambulla,Sri Lanka,India
India,456665,bat,105 runs,India,25-Aug-15,Dambulla,India,New Zealand
Sri Lanka,456668,bat,74 runs,Sri Lanka,28-Aug-15,Dambulla,Sri Lanka,India
Canada,464724,field,92 runs,Ireland,7-Sep-15,Toronto,Canada,Ireland
Pakistan,426428,field,24 runs,England,10-Sep-15,Chester-le-Street,England,Pakistan
Pakistan,426429,bat,4 wickets,England,12-Sep-15,Leeds,England,Pakistan
Pakistan,426431,bat,38 runs,Pakistan,20-Sep-15,Lord's,England,Pakistan
England,426432,bat,121 runs,England,22-Sep-15,Southampton,England,Pakistan
Zimbabwe,474453,field,2 wickets,Zimbabwe,26-Sep-15,Harare,Zimbabwe,Ireland
Zimbabwe,474454,field,3 wickets,Zimbabwe,28-Sep-15,Harare,Zimbabwe,Ireland
Zimbabwe,474455,field,20 runs,Ireland,30-Sep-15,Harare,Zimbabwe,Ireland
Pakistan,426430,bat,23 runs,Pakistan,17-Sep-15,The Oval,England,Pakistan
Kenya,470624,bat,92 runs,Kenya,7-Oct-15,Nairobi (Gym),Kenya,Afghanistan
Bangladesh,476598,field,7 wickets,Bangladesh,11-Oct-15,Dhaka,Bangladesh,New Zealand
Kenya,470625,bat,6 wickets,Afghanistan,9-Oct-15,Nairobi (Gym),Kenya,Afghanistan
Afghanistan,470626,bat,8 wickets,Kenya,11-Oct-15,Nairobi (Gym),Kenya,Afghanistan
Zimbabwe,463144,bat,8 wickets,South Africa,17-Oct-15,Potchefstroom,South Africa,Zimbabwe
South Africa,463143,bat,64 runs,South Africa,15-Oct-15,Bloemfontein,South Africa,Zimbabwe
India,464529,field,5 wickets,India,20-Oct-15,Visakhapatnam,India,Australia
Bangladesh,476600,bat,3 runs,Bangladesh,17-Oct-15,Dhaka,Bangladesh,New Zealand
New Zealand,476599,field,9 runs,Bangladesh,14-Oct-15,Dhaka,Bangladesh,New Zealand
Pakistan,461566,bat,8 wickets,South Africa,29-Oct-15,Abu Dhabi,Pakistan,South Africa
South Africa,463145,bat,272 runs,South Africa,22-Oct-15,Benoni,South Africa,Zimbabwe
South Africa,461569,bat,1 wicket,Pakistan,5-Nov-15,Dubai (DSC),Pakistan,South Africa
South Africa,461567,bat,1 wicket,Pakistan,31-Oct-15,Abu Dhabi,Pakistan,South Africa
Pakistan,461568,field,2 runs,South Africa,2-Nov-15,Dubai (DSC),Pakistan,South Africa
Australia,446957,bat,1 wicket,Sri Lanka,3-Nov-15,Melbourne,Australia,Sri Lanka
Sri Lanka,446959,bat,8 wickets,Australia,7-Nov-15,Brisbane,Australia,Sri Lanka
South Africa,461570,bat,57 runs,South Africa,8-Nov-15,Dubai (DSC),Pakistan,South Africa
New Zealand,467883,field,40 runs,India,28-Nov-15,Guwahati,India,New Zealand
Bangladesh,486522,field,6 wickets,Bangladesh,3-Dec-15,Dhaka,Bangladesh,Zimbabwe
Bangladesh,486520,field,9 runs,Zimbabwe,1-Dec-15,Dhaka,Bangladesh,Zimbabwe
India,467885,field,9 wickets,India,4-Dec-15,Vadodara,India,New Zealand
India,467886,field,5 wickets,India,7-Dec-15,Bangalore,India,New Zealand
Zimbabwe,486523,field,65 runs,Bangladesh,6-Dec-15,Dhaka,Bangladesh,Zimbabwe
Zimbabwe,486526,bat,6 wickets,Bangladesh,12-Dec-15,Chittagong,Bangladesh,Zimbabwe
New Zealand,467887,bat,8 wickets,India,10-Dec-15,Chennai,India,New Zealand
India,467884,field,8 wickets,India,1-Dec-15,Jaipur,India,New Zealand
India,463151,bat,1 run,India,15-Jan-16,Johannesburg,South Africa,India
South Africa,463150,bat,135 runs,South Africa,12-Jan-16,Durban,South Africa,India
England,446962,bat,6 wickets,Australia,16-Jan-16,Melbourne,Australia,England
South Africa,463152,bat,2 wickets,India,18-Jan-16,Cape Town,South Africa,India
England,446963,field,46 runs,Australia,21-Jan-16,Hobart,Australia,England
Pakistan,473923,bat,9 wickets,New Zealand,22-Jan-16,Wellington,New Zealand,Pakistan
England,446964,bat,4 wickets,Australia,23-Jan-16,Sydney,Australia,England
England,446965,bat,21 runs,England,26-Jan-16,Adelaide,Australia,England
Australia,446966,bat,51 runs,Australia,30-Jan-16,Brisbane,Australia,England
New Zealand,473925,field,43 runs,Pakistan,29-Jan-16,Christchurch,New Zealand,Pakistan
New Zealand,473926,bat,2 wickets,Pakistan,1-Feb-16,Napier,New Zealand,Pakistan
England,446967,bat,2 wickets,Australia,2-Feb-16,Sydney,Australia,England
New Zealand,473927,field,41 runs,Pakistan,3-Feb-16,Hamilton,New Zealand,Pakistan
Pakistan,473928,field,57 runs,New Zealand,5-Feb-16,Auckland,New Zealand,Pakistan
West Indies,464992,field,26 runs,Sri Lanka,6-Feb-16,Colombo (SSC),Sri Lanka,West Indies
Australia,446968,bat,57 runs,Australia,6-Feb-16,Perth,Australia,England
Kenya,433559,bat,10 wickets,New Zealand,20-Feb-16,Chennai,Kenya,New Zealand
Bangladesh,433558,field,87 runs,India,19-Feb-16,Dhaka,Bangladesh,India
Australia,433561,bat,91 runs,Australia,21-Feb-16,Ahmedabad,Australia,Zimbabwe
Sri Lanka,433560,bat,210 runs,Sri Lanka,20-Feb-16,Hambantota,Sri Lanka,Canada
South Africa,433564,field,7 wickets,South Africa,24-Feb-16,Delhi,South Africa,West Indies
Australia,433565,field,7 wickets,Australia,25-Feb-16,Nagpur,Australia,New Zealand
Netherlands,433562,bat,6 wickets,England,22-Feb-16,Nagpur,England,Netherlands
Pakistan,433563,bat,205 runs,Pakistan,23-Feb-16,Hambantota,Kenya,Pakistan
Bangladesh,433566,bat,27 runs,Bangladesh,25-Feb-16,Dhaka,Bangladesh,Ireland
Pakistan,433567,bat,11 runs,Pakistan,26-Feb-16,Colombo (RPS),Sri Lanka,Pakistan
Zimbabwe,433570,bat,175 runs,Zimbabwe,28-Feb-16,Nagpur,Canada,Zimbabwe
England,433572,bat,3 wickets,Ireland,2-Mar-16,Bangalore,England,Ireland
Netherlands,433569,field,215 runs,West Indies,28-Feb-16,Delhi,Netherlands,West Indies
Netherlands,433573,field,231 runs,South Africa,3-Mar-16,Mohali,Netherlands,South Africa
Kenya,433571,bat,9 wickets,Sri Lanka,1-Mar-16,Colombo (RPS),Sri Lanka,Kenya
Bangladesh,433576,bat,9 wickets,West Indies,4-Mar-16,Dhaka,Bangladesh,West Indies
Pakistan,433574,bat,46 runs,Pakistan,3-Mar-16,Colombo (RPS),Canada,Pakistan
Zimbabwe,433575,bat,10 wickets,New Zealand,4-Mar-16,Ahmedabad,New Zealand,Zimbabwe
New Zealand,433581,bat,110 runs,New Zealand,8-Mar-16,Pallekele,New Zealand,Pakistan
England,433579,bat,6 runs,England,6-Mar-16,Chennai,England,South Africa
India,433578,field,5 wickets,India,6-Mar-16,Bangalore,India,Ireland
Kenya,433580,bat,5 wickets,Canada,7-Mar-16,Delhi,Canada,Kenya
Netherlands,433582,bat,5 wickets,India,9-Mar-16,Delhi,India,Netherlands
Ireland,433584,field,44 runs,West Indies,11-Mar-16,Mohali,Ireland,West Indies
Bangladesh,433585,field,2 wickets,Bangladesh,11-Mar-16,Chittagong,Bangladesh,England
Zimbabwe,433583,field,139 runs,Sri Lanka,10-Mar-16,Pallekele,Sri Lanka,Zimbabwe
Australia,433588,bat,60 runs,Australia,13-Mar-16,Bangalore,Australia,Kenya
India,433586,bat,3 wickets,South Africa,12-Mar-16,Nagpur,India,South Africa
Canada,433587,field,97 runs,New Zealand,13-Mar-16,Mumbai,Canada,New Zealand
Netherlands,433590,bat,6 wickets,Bangladesh,14-Mar-16,Chittagong,Bangladesh,Netherlands
Ireland,433591,field,131 runs,South Africa,15-Mar-16,Kolkata,Ireland,South Africa
England,433593,bat,18 runs,England,17-Mar-16,Chennai,England,West Indies
Canada,433592,bat,7 wickets,Australia,16-Mar-16,Bangalore,Australia,Canada
Ireland,433595,field,6 wickets,Ireland,18-Mar-16,Kolkata,Ireland,Netherlands
South Africa,433597,bat,206 runs,South Africa,19-Mar-16,Dhaka,Bangladesh,South Africa
Sri Lanka,433594,bat,112 runs,Sri Lanka,18-Mar-16,Mumbai,New Zealand,Sri Lanka
Australia,433596,bat,4 wickets,Pakistan,19-Mar-16,Colombo (RPS),Australia,Pakistan
Zimbabwe,433598,bat,161 runs,Zimbabwe,20-Mar-16,Kolkata,Kenya,Zimbabwe
West Indies,433600,bat,10 wickets,Pakistan,23-Mar-16,Dhaka,Pakistan,West Indies
Australia,433601,bat,5 wickets,India,24-Mar-16,Ahmedabad,India,Australia
India,433599,bat,80 runs,India,20-Mar-16,Chennai,India,West Indies
England,433603,bat,10 wickets,Sri Lanka,26-Mar-16,Colombo (RPS),Sri Lanka,England
New Zealand,433602,bat,49 runs,New Zealand,25-Mar-16,Dhaka,New Zealand,South Africa
New Zealand,433604,bat,5 wickets,Sri Lanka,29-Mar-16,Colombo (RPS),Sri Lanka,New Zealand
India,433605,bat,29 runs,India,30-Mar-16,Mohali,India,Pakistan
Sri Lanka,433606,bat,6 wickets,India,2-Apr-16,Mumbai,India,Sri Lanka
Bangladesh,503364,bat,9 wickets,Australia,11-Apr-16,Dhaka,Bangladesh,Australia
Bangladesh,503363,field,60 runs,Australia,9-Apr-16,Dhaka,Bangladesh,Australia
Australia,503365,bat,66 runs,Australia,13-Apr-16,Dhaka,Bangladesh,Australia
Pakistan,489214,field,7 wickets,Pakistan,25-Apr-16,Gros Islet,West Indies,Pakistan
West Indies,489213,bat,8 wickets,Pakistan,23-Apr-16,Gros Islet,West Indies,Pakistan
Pakistan,489215,field,3 wickets,Pakistan,28-Apr-16,Bridgetown,West Indies,Pakistan
Pakistan,489217,bat,10 wickets,West Indies,5-May-16,Providence,West Indies,Pakistan
Ireland,507996,bat,5 wickets,Pakistan,30-May-16,Belfast,Ireland,Pakistan
West Indies,489221,bat,4 wickets,India,6-Jun-16,Port of Spain,West Indies,India
India,489224,field,103 runs,West Indies,13-Jun-16,North Sound,West Indies,India
India,489223,field,3 wickets,India,11-Jun-16,North Sound,West Indies,India
West Indies,489225,field,7 wickets,West Indies,16-Jun-16,Kingston,West Indies,India
England,474469,bat,6 wickets,Sri Lanka,3-Jul-16,Lord's,England,Sri Lanka
England,474468,field,69 runs,Sri Lanka,1-Jul-16,Leeds,England,Sri Lanka
Scotland,504778,bat,15 runs,Scotland,28-Jun-16,Aberdeen,Scotland,Netherlands
England,474471,bat,16 runs,England,9-Jul-16,Manchester,England,Sri Lanka
Scotland,506208,field,183 runs,Sri Lanka,13-Jul-16,Edinburgh,Scotland,Sri Lanka
Scotland,506207,field,5 wickets,Scotland,12-Jul-16,Edinburgh,Scotland,Ireland
Afghanistan,518203,bat,17 runs,Afghanistan,9-Aug-16,Toronto,Canada,Afghanistan
Zimbabwe,522246,field,4 wickets,Zimbabwe,12-Aug-16,Harare,Zimbabwe,Bangladesh
Sri Lanka,516206,bat,7 wickets,Australia,10-Aug-16,Pallekele,Sri Lanka,Australia
Zimbabwe,522247,field,7 wickets,Zimbabwe,14-Aug-16,Harare,Zimbabwe,Bangladesh
Sri Lanka,516207,bat,8 wickets,Australia,14-Aug-16,Hambantota,Sri Lanka,Australia
Bangladesh,522248,field,5 runs,Zimbabwe,16-Aug-16,Harare,Zimbabwe,Bangladesh
Bangladesh,522249,field,6 wickets,Bangladesh,19-Aug-16,Bulawayo,Zimbabwe,Bangladesh
Sri Lanka,516209,bat,5 wickets,Australia,20-Aug-16,Colombo (RPS),Sri Lanka,Australia
Sri Lanka,516210,field,4 wickets,Sri Lanka,22-Aug-16,Colombo (RPS),Sri Lanka,Australia
Australia,516208,field,78 runs,Sri Lanka,16-Aug-16,Hambantota,Sri Lanka,Australia
Zimbabwe,522250,field,93 runs,Bangladesh,21-Aug-16,Bulawayo,Zimbabwe,Bangladesh
Pakistan,523732,bat,5 runs,Pakistan,8-Sep-16,Bulawayo,Zimbabwe,Pakistan
England,474478,field,7 wickets,England,6-Sep-16,Southampton,England,India
Zimbabwe,523733,bat,10 wickets,Pakistan,11-Sep-16,Harare,Zimbabwe,Pakistan
Zimbabwe,523734,field,28 runs,Pakistan,14-Sep-16,Harare,Zimbabwe,Pakistan
Kenya,523483,bat,4 wickets,Netherlands,13-Sep-16,The Hague,Netherlands,Kenya
Ireland,523805,bat,56 runs,Ireland,20-Sep-16,Dublin,Ireland,Canada
Bangladesh,531983,field,40 runs,West Indies,13-Oct-16,Dhaka,Bangladesh,West Indies
Canada,523804,field,133 runs,Ireland,19-Sep-16,Dublin,Ireland,Canada
Bangladesh,531984,bat,8 wickets,West Indies,15-Oct-16,Dhaka,Bangladesh,West Indies
England,521219,bat,8 wickets,India,17-Oct-16,Delhi,India,England
India,521218,bat,126 runs,India,14-Oct-16,Hyderabad (Deccan),India,England
Bangladesh,531985,field,8 wickets,Bangladesh,18-Oct-16,Chittagong,Bangladesh,West Indies
England,521220,bat,5 wickets,India,20-Oct-16,Mohali,India,England
New Zealand,527015,field,4 wickets,New Zealand,22-Oct-16,Harare,Zimbabwe,New Zealand
Zimbabwe,527014,bat,9 wickets,New Zealand,20-Oct-16,Harare,Zimbabwe,New Zealand
England,521221,bat,6 wickets,India,23-Oct-16,Mumbai,India,England
South Africa,514026,bat,80 runs,South Africa,23-Oct-16,Port Elizabeth,South Africa,Australia
New Zealand,527016,bat,1 wicket,Zimbabwe,25-Oct-16,Bulawayo,Zimbabwe,New Zealand
Sri Lanka,530428,bat,25 runs,Sri Lanka,14-Nov-16,Dubai (DSC),Pakistan,Sri Lanka
England,521222,field,95 runs,India,25-Oct-16,Kolkata,India,England
Sri Lanka,530427,bat,8 wickets,Pakistan,11-Nov-16,Dubai (DSC),Pakistan,Sri Lanka
Pakistan,530430,bat,26 runs,Pakistan,20-Nov-16,Sharjah,Pakistan,Sri Lanka
Pakistan,530429,bat,21 runs,Pakistan,18-Nov-16,Dubai (DSC),Pakistan,Sri Lanka
South Africa,514027,bat,3 wickets,Australia,28-Oct-16,Durban,South Africa,Australia
Sri Lanka,530431,bat,3 wickets,Pakistan,23-Nov-16,Abu Dhabi,Pakistan,Sri Lanka
India,536929,field,1 wicket,India,29-Nov-16,Cuttack,India,West Indies
Bangladesh,538069,bat,5 wickets,Pakistan,1-Dec-16,Dhaka,Bangladesh,Pakistan
India,536930,field,5 wickets,India,2-Dec-16,Visakhapatnam,India,West Indies
Pakistan,538070,bat,76 runs,Pakistan,3-Dec-16,Dhaka,Bangladesh,Pakistan
India,536932,bat,153 runs,India,8-Dec-16,Indore,India,West Indies
India,536933,bat,34 runs,India,11-Dec-16,Chennai,India,West Indies
Pakistan,538071,bat,58 runs,Pakistan,6-Dec-16,Chittagong,Bangladesh,Pakistan
India,589309,field,85 runs,Pakistan,3-Jan-18,Kolkata,India,Pakistan
India,536931,field,16 runs,West Indies,5-Dec-16,Ahmedabad,India,West Indies
India,589310,bat,10 runs,India,6-Jan-18,Delhi,India,Pakistan
England,565812,bat,9 runs,England,11-Jan-18,Rajkot,India,England
Australia,573014,bat,107 runs,Australia,11-Jan-18,Melbourne,Australia,Sri Lanka
India,565813,bat,127 runs,India,15-Jan-18,Kochi,India,England
Sri Lanka,573015,field,8 wickets,Sri Lanka,13-Jan-18,Adelaide,Australia,Sri Lanka
India,565814,field,7 wickets,India,19-Jan-18,Ranchi,India,England
New Zealand,567358,field,1 wicket,New Zealand,19-Jan-18,Paarl,South Africa,New Zealand
Australia,573016,bat,4 wickets,Sri Lanka,18-Jan-18,Brisbane,Australia,Sri Lanka
India,565815,field,5 wickets,India,23-Jan-18,Mohali,India,England
South Africa,567359,field,27 runs,New Zealand,22-Jan-18,Kimberley,South Africa,New Zealand
Sri Lanka,573018,field,32 runs,Australia,23-Jan-18,Hobart,Australia,Sri Lanka
England,565816,field,7 wickets,England,27-Jan-18,Dharamsala,India,England
West Indies,573022,bat,9 wickets,Australia,1-Feb-18,Perth,Australia,West Indies
New Zealand,567360,bat,1 wicket,South Africa,25-Jan-18,Potchefstroom,South Africa,New Zealand
New Zealand,569240,field,3 wickets,New Zealand,17-Feb-18,Hamilton,New Zealand,England
West Indies,573023,field,54 runs,Australia,3-Feb-18,Perth,Australia,West Indies
West Indies,573025,bat,5 wickets,Australia,8-Feb-18,Sydney,Australia,West Indies
Australia,573024,bat,39 runs,Australia,6-Feb-18,Canberra,Australia,West Indies
West Indies,573026,field,17 runs,Australia,10-Feb-18,Melbourne,Australia,West Indies
England,569241,field,8 wickets,England,20-Feb-18,Napier,New Zealand,England
Zimbabwe,593983,field,156 runs,West Indies,22-Feb-18,St George's,West Indies,Zimbabwe
England,569242,field,5 wickets,England,23-Feb-18,Auckland,New Zealand,England
Zimbabwe,593985,bat,5 wickets,West Indies,26-Feb-18,St George's,West Indies,Zimbabwe
Zimbabwe,593984,bat,7 wickets,West Indies,24-Feb-18,St George's,West Indies,Zimbabwe
Scotland,592270,bat,7 wickets,Afghanistan,6-Mar-18,Sharjah,Afghanistan,Scotland
Pakistan,567368,field,125 runs,South Africa,10-Mar-18,Bloemfontein,South Africa,Pakistan
Canada,592266,bat,6 wickets,Kenya,11-Mar-18,Dubai (CA),Canada,Kenya
Afghanistan,592271,field,5 wickets,Afghanistan,8-Mar-18,Sharjah,Afghanistan,Scotland
Canada,592267,bat,6 wickets,Kenya,13-Mar-18,Dubai (CA),Canada,Kenya
South Africa,567371,bat,3 wickets,Pakistan,21-Mar-18,Durban,South Africa,Pakistan
Pakistan,567372,bat,6 wickets,South Africa,24-Mar-18,Benoni,South Africa,Pakistan
Zimbabwe,623573,field,121 runs,Bangladesh,3-May-18,Bulawayo,Zimbabwe,Bangladesh
Pakistan,567370,field,34 runs,South Africa,17-Mar-18,Johannesburg,South Africa,Pakistan
Pakistan,601077,bat,96 runs,Pakistan,17-May-18,Edinburgh,Scotland,Pakistan
Zimbabwe,623575,field,7 wickets,Zimbabwe,8-May-18,Bulawayo,Zimbabwe,Bangladesh
Zimbabwe,623574,field,6 wickets,Zimbabwe,5-May-18,Bulawayo,Zimbabwe,Bangladesh
New Zealand,566923,field,5 wickets,New Zealand,31-May-18,Lord's,England,New Zealand
Pakistan,601613,field,2 wickets,Pakistan,26-May-18,Dublin,Ireland,Pakistan
South Africa,602761,bat,83 runs,South Africa,31-May-18,Amstelveen,Netherlands,South Africa
New Zealand,566924,bat,86 runs,New Zealand,2-Jun-18,Southampton,England,New Zealand
South Africa,578614,field,26 runs,India,6-Jun-18,Cardiff,India,South Africa
New Zealand,566925,field,34 runs,England,5-Jun-18,Nottingham,England,New Zealand
West Indies,578615,field,2 wickets,West Indies,7-Jun-18,The Oval,Pakistan,West Indies
England,578616,bat,48 runs,England,8-Jun-18,Birmingham,England,Australia
South Africa,578618,bat,67 runs,South Africa,10-Jun-18,Birmingham,Pakistan,South Africa
Sri Lanka,578617,bat,1 wicket,New Zealand,9-Jun-18,Cardiff,New Zealand,Sri Lanka
India,578619,field,8 wickets,India,11-Jun-18,The Oval,India,West Indies
Sri Lanka,578621,field,7 wickets,Sri Lanka,13-Jun-18,The Oval,England,Sri Lanka
New Zealand,578624,field,10 runs,England,16-Jun-18,Cardiff,England,New Zealand
Australia,578625,field,20 runs,Sri Lanka,17-Jun-18,The Oval,Australia,Sri Lanka
West Indies,597923,field,6 wickets,West Indies,28-Jun-18,Kingston,West Indies,Sri Lanka
England,566946,field,7 wickets,England,19-Jun-18,The Oval,England,South Africa
India,566947,field,8 wickets,India,20-Jun-18,Cardiff,India,Sri Lanka
Kenya,631136,field,12 runs,Scotland,30-Jun-18,Aberdeen,Scotland,Kenya
England,566948,field,5 runs,India,23-Jun-18,Birmingham,England,India
West Indies,597924,field,1 wicket,West Indies,30-Jun-18,Kingston,West Indies,India
India,597925,field,161 runs,Sri Lanka,2-Jul-18,Kingston,India,Sri Lanka
Ireland,631138,bat,88 runs,Ireland,7-Jul-18,Amstelveen,Netherlands,Ireland
India,597929,field,1 wicket,India,11-Jul-18,Port of Spain,India,Sri Lanka
West Indies,645635,field,126 runs,Pakistan,14-Jul-18,Providence,West Indies,Pakistan
Pakistan,645637,field,37 runs,West Indies,16-Jul-18,Providence,West Indies,Pakistan
South Africa,635653,field,180 runs,Sri Lanka,20-Jul-18,Colombo (RPS),Sri Lanka,South Africa
India,643665,field,6 wickets,India,24-Jul-18,Harare,Zimbabwe,India
South Africa,635655,bat,56 runs,South Africa,26-Jul-18,Pallekele,Sri Lanka,South Africa
Pakistan,645643,field,4 wickets,Pakistan,24-Jul-18,Gros Islet,West Indies,Pakistan
Zimbabwe,643667,field,58 runs,India,26-Jul-18,Harare,Zimbabwe,India
India,643669,field,7 wickets,India,28-Jul-18,Harare,Zimbabwe,India
South Africa,635656,bat,8 wickets,Sri Lanka,28-Jul-18,Pallekele,Sri Lanka,South Africa
India,643675,field,9 wickets,India,1-Aug-18,Bulawayo,Zimbabwe,India
Sri Lanka,635657,bat,128 runs,Sri Lanka,31-Jul-18,Colombo (RPS),Sri Lanka,South Africa
Zimbabwe,659551,field,90 runs,Pakistan,29-Aug-18,Harare,Zimbabwe,Pakistan
India,643677,field,7 wickets,India,3-Aug-18,Bulawayo,Zimbabwe,India
Pakistan,659549,bat,7 wickets,Zimbabwe,27-Aug-18,Harare,Zimbabwe,Pakistan
Netherlands,660827,field,9 wickets,Netherlands,29-Aug-18,King City (NW),Canada,Netherlands
Zimbabwe,659553,field,108 runs,Pakistan,31-Aug-18,Harare,Zimbabwe,Pakistan
Scotland,660837,bat,1 wicket,Ireland,6-Sep-18,Belfast,Ireland,Scotland
England,566940,field,6 wickets,England,3-Sep-18,Dublin (Malahide),Ireland,England
England,566942,field,88 runs,Australia,8-Sep-18,Manchester,England,Australia
Scotland,660841,bat,7 wickets,Ireland,8-Sep-18,Belfast,Ireland,Scotland
Scotland,566939,field,200 runs,Australia,3-Sep-18,Edinburgh,Scotland,Australia
England,566944,field,3 wickets,England,14-Sep-18,Cardiff,England,Australia
Australia,566945,bat,49 runs,Australia,16-Sep-18,Southampton,England,Australia
Kenya,661891,bat,8 wickets,Afghanistan,2-Oct-18,Sharjah,Afghanistan,Kenya
Australia,647249,bat,72 runs,Australia,13-Oct-18,Pune,India,Australia
Australia,647251,bat,9 wickets,India,16-Oct-18,Jaipur,India,Australia
Australia,647253,field,4 wickets,Australia,19-Oct-18,Mohali,India,Australia
Afghanistan,661893,field,7 wickets,Afghanistan,4-Oct-18,Sharjah,Afghanistan,Kenya
India,647259,field,6 wickets,India,30-Oct-18,Nagpur,India,Australia
Bangladesh,668957,field,4 wickets,Bangladesh,3-Nov-18,Fatullah,Bangladesh,New Zealand
South Africa,649095,bat,68 runs,South Africa,6-Nov-18,Abu Dhabi,Pakistan,South Africa
Australia,647261,field,57 runs,India,2-Nov-18,Bangalore,India,Australia
Pakistan,649093,bat,66 runs,Pakistan,1-Nov-18,Dubai (DSC),Pakistan,South Africa
Bangladesh,668955,bat,40 runs,Bangladesh,31-Oct-18,Dhaka,Bangladesh,New Zealand
South Africa,649091,bat,1 run,South Africa,30-Oct-18,Sharjah,Pakistan,South Africa
South Africa,649097,bat,28 runs,South Africa,8-Nov-18,Abu Dhabi,Pakistan,South Africa
South Africa,649099,bat,117 runs,South Africa,11-Nov-18,Sharjah,Pakistan,South Africa
West Indies,676529,bat,6 wickets,India,21-Nov-18,Kochi,India,West Indies
Pakistan,685731,bat,23 runs,Pakistan,24-Nov-18,Cape Town,South Africa,Pakistan
West Indies,676531,field,2 wickets,West Indies,24-Nov-18,Visakhapatnam,India,West Indies
India,676533,field,5 wickets,India,27-Nov-18,Kanpur,India,West Indies
South Africa,685733,field,1 run,Pakistan,27-Nov-18,Port Elizabeth,South Africa,Pakistan
India,648651,field,141 runs,South Africa,5-Dec-18,Johannesburg,South Africa,India
South Africa,685735,field,4 wickets,South Africa,30-Nov-18,Centurion,South Africa,Pakistan
Sri Lanka,657639,field,2 wickets,Sri Lanka,20-Dec-18,Dubai (DSC),Pakistan,Sri Lanka
Sri Lanka,657641,field,113 runs,Pakistan,22-Dec-18,Sharjah,Pakistan,Sri Lanka
Pakistan,657637,bat,11 runs,Pakistan,18-Dec-18,Sharjah,Pakistan,Sri Lanka
West Indies,661685,field,2 wickets,West Indies,26-Dec-18,Auckland,New Zealand,West Indies
Pakistan,657645,bat,2 wickets,Sri Lanka,27-Dec-18,Abu Dhabi,Pakistan,Sri Lanka
Sri Lanka,657643,bat,8 wickets,Pakistan,25-Dec-18,Abu Dhabi,Pakistan,Sri Lanka
India,648653,field,134 runs,South Africa,8-Dec-18,Durban,South Africa,India
